systemove_cislo;druh_dokumentu;autori;autori_puvodni;nazev;zdroj_dok;cislovani;isbn;issn;if;projekt;vz;rvo;odevzdani_riv;rok_vydani;rok_sberu;vlastnik;interni_kod;technicke_parametry;ekonomicke_parametry;cislo_patentoveho_spisu;vlastnik_patentu;doi;wos;pubmed;scopus
0557038;V;"Berec, L. - Diviák, T. - Kuběna, Aleš Antonín - Levínský, René - Neruda, Roman - Suchopárová, Gabriela - Šlerka, J. - Šmíd, Martin - Tuček, V. - Vidnerová, Petra - Zajíček, Milan - Zapletal, František";;"Model-M: An agent-based epidemic model of a middle-sized municipality";;;;;;"TL04000282:GA TA ČR";;"RVO:67985807, RVO:67985556";;2022;2023;UIVT-O;;;;;;10.1101/2021.05.13.21257139;;;
0559305;J;"Berec, Luděk - Smyčka, J. - Levínský, René - Hromádková, Eva - Šoltés, Michal - Šlerka, J. - Tuček, V. - Trnka, J. - Šmíd, Martin - Zajíček, Milan - Diviák, T. - Neruda, Roman - Vidnerová, Petra";;"Delays, Masks, the Elderly, and Schools: First Covid-19 Wave in the Czech Republic";"Bulletin of Mathematical Biology";"Roč. 84, č. 8 (2022)";;0092-8240;3.500;"EF16_013/0001740:GA MŠk";;"RVO:60077344, RVO:67985556, RVO:67985807, RVO:67985998";1;2022;2023;BC-A;;;;;;10.1007/s11538-022-01031-5;000813728300001;35726074;85132189903
0548125;L4;"Berec, Luděk - Diviák, T. - Kuběna, Aleš Antonín - Levínský, René - Neruda, Roman - Suchopárová, Gabriela - Šlerka, J. - Šmíd, Martin - Trnka, Jan - Tuček, Vít - Vidnerová, Petra - Vrbenský, Karel - Zajíček, Milan - Zapletal, František";;Epicity;;;;;;"TL04000282:GA TA ČR";;"RVO:67985807, RVO:67985556, RVO:67985998";1;2021;2022;UIVT-O;Epicity;"The program requires a Linux machine with python 3, and it runs from command line interface. Configuration files for typical tasks are included and can be modified for user’s needs.  Full instructions and examples can be found in the README file.";"Model M is an agent-based epidemic model for COVID-19 computational experiments on realistic multi-graph social networks. It allows to simulate projections of main epidemic indicators with respect to various interventions. These include lock-downs, closures of different contact layers (leisure, schools, etc.), social distancing, testing and quarantine, contact tracing, and vaccination. The level of configurable parameters, including custom contact graphs, is a unique feature of this tool.  Available under  GNU General Public License v3.0.";;;;;;
0557330;J;"Berec, Luděk - Levínský, R. - Weiner, J. - Šmíd, Martin - Neruda, Roman - Vidnerová, Petra - Suchopárová, Gabriela";;"Importance of vaccine action and availability and epidemic severity for delaying the second vaccine dose";"Scientific Reports";"Roč. 12, č. 1 (2022)";;2045-2322;4.600;"TL04000282:GA TA ČR";;"RVO:60077344, RVO:67985556, RVO:67985807";1;2022;2023;BC-A;;;;;;10.1038/s41598-022-11250-4;000793383600002;35538118;85129879793
0535816;L4;"Coufal, David - Hakl, František - Vidnerová, Petra";;"General-purpose algorithms for machine learning";;;;;;"TN01000024:GA TA ČR";;RVO:67985807;1;2020;2021;UIVT-O;TN01000024/03-V001;"Program spustitelný z příkazové řádky, vyžaduje Python a běžné dostupné výpočetní knihovny. Úlohu lze definovat v textovém souboru ve formátu YAML. Vzhledem k výpočetní náročnosti doporučeno využití GPU nebo výpočetního clusteru s více CPU.";"Knihovna obsahuje dvě části. Skripty věnované rozšiřování datové základny pro učení navigace robota (GANs) a část zabývající se hledáním optimální architektury neuronových sítí (AnANAS). Rozšiřování datové základny je prováděno pomocí generativních neuronových sítí. Jsou implementovány architektury DCGAN a LSGAN v nepodmíněné i podmíněné verzi. Kvalita učení je monitorována pomocí FID skóre. AnANAS část je určena pro experimenty s hledáním optimální architektury hluboké neuronové sítě, jak s plně propojenými vrstvami tak sítě konvoluční. Umožňuje více-kriteriální optimalizaci, nabízí tři verze více-kriteriální optimalizace (NSGA, NSGA-II, NSGA-III) a implementaci základního standardního genetického algoritmu. Umožňuje paralelní výpočet na GPU nebo s využitím několika CPU.";;;;;;
0565499;L4;"Coufal, David - Hakl, František - Vidnerová, Petra";;"General-purpose Library of ML/AI Methods";;;;;;"TN01000024:GA TA ČR";;RVO:67985807;1;2022;2023;UIVT-O;TN01000024/03-V005;"Kolekce programů a skriptů spustitelných z příkazové řádky, vyžaduje Python a běžně dostupné výpočetní knihovny. Zadání se definuje v textovém souboru, typicky ve formátu YAML. Vzhledem k výpočetní náročnosti doporučeno využití GPU nebo výpočetního clusteru s více CPU.";"Knihovna obsahuje dvě části. Skripty věnované rozšiřování datové základny pro učení navigace robota (GANs) a část zabývající se hledáním optimální architektury neuronových sítí (AnANAS).  Rozšiřování datové základny je prováděno pomocí generativních neuronových sítí. Jsou implementovány architektury DCGAN a LSGAN v nepodmíněné i podmíněné verzi. Kvalita učení je monitorována pomocí FID skóre. AnANAS část je určena pro experimenty s hledáním optimální architektury hluboké neuronové sítě, jak s plně propojenými vrstvami tak sítě konvoluční. Umožňuje více-kriteriální optimalizaci, nabízí tři verze více-kriteriální optimalizace (NSGA, NSGA-II, NSGA-III) a implementaci základního standardního genetického algoritmu. Umožňuje paralelní výpočet na GPU nebo s využitím několika CPU.";;;;;;
0565500;L4;"Coufal, David - Hakl, František - Vidnerová, Petra";;"General-purpose Library of ML/AI Methods for CUDA Cores";;;;;;"TN01000024:GA TA ČR";;RVO:67985807;1;2022;2023;UIVT-O;TN01000024/03-V009;"Refaktorovaný kód je poskytnut ve formě MATLAB MEX souborů. Ke spuštění vyžaduje MATLAB. Použití se řídí příslušnými licenčními podmínkami Akademické licence MATLABu.";"Refaktorizace Python + TensorFlow kódu do nativního CUDA kódu pomocí MATLAB GPU Coderu. Urychlení inference implementace neuronových sítí.";;;;;;
0315167;C;"Gemrot, J. - Kadlec, R. - Brom, C. - Vidnerová, Petra";;"Evoluce chování agentů v 3D prostředí";"Informačné technológie - Aplikácie a teória";"S. 3-10";978-80-969184-8-5;;;"1ET100300517:GA AV ČR - 1ET100300414:GA AV ČR";CEZ:AV0Z10300504;;1;2008;2009;UIVT-O;;;;;;;;;
0518369;L4;"Jurica, Tomáš - Vidnerová, Petra - Kalina, Jan";;"Robust interquantile training of neural networks";;;;;;"GA19-05704S:GA ČR - TN01000024:GA TA ČR";;RVO:67985807;1;2019;2020;UIVT-O;"Quantile 1.0";"Kód v Pythonu je samostatně spustitelný, vyžaduje instalaci TensorFlow, Keras, SciPy, NumPy, scikit-learn. Spuštění kódu je přímočaré podle dokumentace. Dostupné pod licencí MIT.";"Software umožňuje uživateli provést alternativní trénování neuronových sítí, které je robustní vůči odlehlým hodnotám. Jde dosud o první takovou implementaci, která je dostupná. Software výrazně usnadňuje práci s neuronovými sítěmi, protože provádět jejich trénování nezávisle na přítomnosti odlehlých hodnot by jinak vyžadovalo značně komplikované a zdlouhavé postupy.";;;;;;
0544026;C;"Kalina, Jan - Vidnerová, Petra - Tichavský, Jan";;"A Comparison of Trend Estimators under Heteroscedasticity";"Artificial Intelligence and Soft Computing. ICAISC 2021 Proceedings, Part I";"S. 89-98";978-3-030-87985-3;0302-9743;;"GA19-05704S:GA ČR - GA18-23827S:GA ČR";;RVO:67985807;1;2021;2022;UIVT-O;;;;;;10.1007/978-3-030-87986-0_8;;;85117522261
0524791;C;"Kalina, Jan - Vidnerová, Petra";;"A Metalearning Study for Robust Nonlinear Regression";"Proceedings of the 21st EANN (Engineering Applications of Neural Networks) 2020 Conference";"S. 499-510";978-3-030-48790-4;2661-8141;;"GA19-05704S:GA ČR - GA18-23827S:GA ČR";;RVO:67985807;1;2020;2021;UIVT-O;;;;;;10.1007/978-3-030-48791-1_39;;;
0548702;A;"Kalina, Jan - Vidnerová, Petra";;"Application Of Implicitly Weighted Regression Quantiles: Analysis Of The 2018 Czech Presidential Election";"14th International Scientific Conference RELIK 2021. Book of Abstracts";"S. 33-33";;;;;;RVO:67985807;;2021;2022;UIVT-O;;;;;;;;;
0553132;C;"Kalina, Jan - Vidnerová, Petra";;"Application Of Implicitly Weighted Regression Quantiles: Analysis Of The 2018 Czech Presidential Election";"RELIK 2021. Conference Proceedings";"S. 332-341";978-80-245-2429-0;;;"GA21-05325S:GA ČR";;RVO:67985807;1;2021;2022;UIVT-O;;;;;;;;;
0541777;J;"Kalina, Jan - Neoral, Aleš - Vidnerová, Petra";;"Effective Automatic Method Selection for Nonlinear Regression Modeling";"International Journal of Neural Systems";"Roč. 31, č. 10 (2021)";;0129-0657;6.325;"GA19-05704S:GA ČR - GA18-23827S:GA ČR";;RVO:67985807;1;2021;2022;UIVT-O;;;;;;10.1142/S0129065721500209;000696596800003;33787471;85104028019
0509648;C;"Kalina, Jan - Vidnerová, Petra";;"Implicitly weighted robust estimation of quantiles in linear regression";"Conference Proceedings. 37th International Conference on Mathematical Methods in Economics 2019";"S. 25-30";978-80-7394-760-6;;;"GA19-05704S:GA ČR - GA18-23827S:GA ČR";;RVO:67985807;1;2019;2020;UIVT-O;;;;;;;000507570400003;;
0508153;A;"Kalina, Jan - Vidnerová, Petra";;"Implicitly Weighted Robust Estimation of Quantiles in Linear Regression";"37th International Conference on Mathematical Methods in Economics 2019: Book of Abstracts";"S. 17-17";;;;"GA19-05704S:GA ČR";;RVO:67985807;;2019;2020;UIVT-O;;;;;;;;;
0559056;J;"Kalina, Jan - Vidnerová, Petra";;"Least Weighted Squares Quantiles Reveal How Competitiveness Contributes to Tourism Performance";"Finance a úvěr-Czech Journal of Economics and Finance";"Roč. 72, č. 2 (2022), s. 150-171";;0015-1920;0.500;"GA21-19311S:GA ČR - GA22-02067S:GA ČR";;RVO:67985807;1;2022;2023;UIVT-O;;;;;;10.32065/CJEF.2022.02.03;000810458700003;;85135351736
0532166;L4;"Kalina, Jan - Vidnerová, Petra - Peštová, Barbora";;"Metalearning for robust regression 1.0";;;;;;"GA19-05704S:GA ČR - GA18-23827S:GA ČR";;RVO:67985807;1;2020;2021;UIVT-O;"Metalearning 1.0";"Kód v softwaru R je samostatně spustitelný podle dokumentace. Je třeba soubory spouštět v tomto pořadí: ReadingData.R, Primary.R, Features.R, Secondary.R. Alternativní postupy k metodám souboru Secondary.R jsou obsaženy v souborech RandomForest.R nebo Regression.R. Alternativní validace (jako náhražka křížové validace) je obsažena v souboru Autovalidation.R. Dostupné pod licencí MIT.";"Software představuje dosud jedinečný nástroj pro využití dostupných trénovacích souborů pro nalezení vhodné regresní metody pro nový datový soubor. Software tak výrazně zjednodušuje práci v oblasti selekce optimální metody (metaučení), protože kódy nejsou jinak obsaženy v žádném dostupném softwaru.";;;;;;
0511478;A;"Kalina, Jan - Vidnerová, Petra - Jurica, Tomáš";;"Metalearning for robust regression: Robustness and variable selection";"AMISTAT 2019. Book of Abstracts";"S. 26-26";;;;;;RVO:67985807;;2019;2020;UIVT-O;;;;;;;;;
0565542;M;"Kalina, Jan - Vidnerová, Petra - Soukup, Lubomír";;"Modern Approaches to Statistical Estimation of Measurements in the Location Model and Regression";"Handbook of Metrology and Applications";"First Online: 23 July 2022";978-981-19-1550-5;;;"GA22-02067S:GA ČR";;"RVO:67985807, RVO:67985556";;2022;2024;UIVT-O;;;;;;10.1007/978-981-19-1550-5_125-1;;;
0551774;C;"Kalina, Jan - Vidnerová, Petra";;"On kernel-based nonlinear regression estimation";"The 15th International Days of Statistics and Economics Conference Proceedings";"S. 450-459";978-80-87990-25-4;;;"GA21-05325S:GA ČR";;RVO:67985807;1;2021;2022;UIVT-O;;;;;;;;;
0544178;A;"Kalina, Jan - Vidnerová, Petra";;"On Robust Training of Regression Neural Networks";"IWFOS 2021. Book of Abstracts";"S. 35-35";;;;"GA19-05704S:GA ČR - GA18-23827S:GA ČR";;RVO:67985807;1;2021;2022;UIVT-O;;;;;;;;;
0525292;C;"Kalina, Jan - Vidnerová, Petra";;"On Robust Training of Regression Neural Networks";"Functional and High-Dimensional Statistics and Related Fields";"S. 145-152";978-3-030-47755-4;1431-1968;;"GA19-05704S:GA ČR - GA18-23827S:GA ČR";;RVO:67985807;1;2020;2021;UIVT-O;;;;;;10.1007/978-3-030-47756-1_20;;;
0535704;C;"Kalina, Jan - Vidnerová, Petra";;"Regression for High-Dimensional Data: From Regularization to Deep Learning";"The 14th International Days of Statistics and Economics Conference Proceedings";"S. 418-427";978-80-87990-22-3;;;"GA19-05704S:GA ČR - GA18-23827S:GA ČR";;RVO:67985807;1;2020;2021;UIVT-O;;;;;;;;;
0522365;C;"Kalina, Jan - Vidnerová, Petra";;"Regression Neural Networks with a Highly Robust Loss Function";"Analytical Methods in Statistics";"S. 17-29";978-3-030-48813-0;;;"GA19-05704S:GA ČR - GA18-23827S:GA ČR";;RVO:67985807;1;2020;2021;UIVT-O;;;;;;10.1007/978-3-030-48814-7_2;;;85089230976
0524790;C;"Kalina, Jan - Vidnerová, Petra";;"Robust Multilayer Perceptrons: Robust Loss Functions and Their Derivatives";"Proceedings of the 21st EANN (Engineering Applications of Neural Networks) 2020 Conference";"S. 546-557";978-3-030-48790-4;2661-8141;;"GA19-05704S:GA ČR - GA18-23827S:GA ČR";;RVO:67985807;1;2020;2021;UIVT-O;;;;;;10.1007/978-3-030-48791-1_43;;;
0506360;C;"Kalina, Jan - Vidnerová, Petra";;"Robust Training of Radial Basis Function Neural Networks";"Artificial Intelligence and Soft Computing. Proceedings, Part I";"S. 113-124";978-3-030-20911-7;0302-9743;;"GA19-05704S:GA ČR - GA18-23827S:GA ČR";;RVO:67985807;1;2019;2020;UIVT-O;;;;;;10.1007/978-3-030-20912-4_11;000485150200011;;85066741931
0562370;C;"Kalina, Jan - Vidnerová, Petra - Janáček, Patrik";;"Sparse Versions of Optimized Centroids";"2022 International Joint Conference on Neural Networks (IJCNN) Proceedings";"S. 1-7";978-1-7281-8671-9;;;"GA22-02067S:GA ČR";;RVO:67985807;1;2022;2023;UIVT-O;;;;;;10.1109/IJCNN55064.2022.9892838;000867070907075;;85140720085
0404718;V;"Krušina, Pavel - Kudová, Petra - Petrová, Zuzana - Neruda, Roman";;"Hybrid AI Models using Bang";;;;;;"GA201/00/1489:GA ČR";AV0Z1030915;;;2002;2003;UIVT-O;;;;;;;;;
0039752;C;"Kudová, Petra - Řezanková, H. - Húsek, Dušan - Snášel, V.";;"Categorical Data Clustering using Statistical Methods and Neural Networks";"Spring Young Researches' Colloquium on Database and Information Systems";"s. 19-23";;;;"1ET100300414:GA AV ČR - GA201/05/0079:GA ČR - 05-07-90049:Russian Foundation for Basic research";CEZ:AV0Z10300504;;1;2006;2007;UIVT-O;;;;;;;;;
0087711;C;"Kudová, Petra";;"Clustering Genetic Algorithm";"Database and Expert Systems Applications";"S. 138-142";978-0-7695-2932-5;;;"1ET100300414:GA AV ČR";CEZ:AV0Z10300504;;1;2007;2008;UIVT-O;;;;;;10.1109/DEXA.2007.65;000250954300029;;44349088634
0080857;C;"Kudová, Petra";;"Clustering using Genetic Algorithms";"Evolutionary Techniques in Data-processing";"s. 1-11";978-80-248-1332-5;;;"1ET100300414:GA AV ČR";CEZ:AV0Z10300504;;1;2007;2007;UIVT-O;;;;;;;;;
0405327;C;"Kudová, Petra";;"Comparison of Kernel Based Regularization Networks and RBF Networks";"ITAT 2004. Information Technologies - Applications and Theory";"s. 59-68";80-7097-589-X;;;"GA201/02/0428:GA ČR";CEZ:AV0Z1030915;;1;2004;2006;UIVT-O;;;;;;;;;
0103436;A;"Kudová, Petra";;"Comparison of Kernel Based Regularization Networks and RBF Networks";"Computational Statistics. Book of Abstracts";"s. 189";80-239-3459-7;;;"GA201/02/0428:GA ČR";CEZ:AV0Z1030915;;;2004;2005;UIVT-O;;;;;;;;;
0404785;K;"Kudová, Petra";;"Genetic and Eugenetic Learning of RBF Networks";"Doktorandský den '02";"S. 9-14";;;;;AV0Z1030915;;;2002;2003;UIVT-O;;;;;;;;;
0339944;C;"Kudová, Petra - Neruda, Roman";;"Kernel Based Learning Methods: Regularization Networks and RBF Networks";"Deterministic and Statistical Methods in Machine Learning";"S. 124-136";3-540-29073-7;;;"1ET100300419:GA AV ČR";CEZ:AV0Z10300504;;1;2005;2010;UIVT-O;;;;;;10.1007/11559887_8;000233290600008;;33645974283
0405582;K;"Kudová, Petra";;"Kernel Based Regularization Netowrks";"Doktorandský den '05";"s. 65-74";80-86732-56-8;;;"GA201/05/0557:GA ČR";CEZ:AV0Z10300504;;1;2005;2006;UIVT-O;;;;;;;;;
0103359;K;"Kudová, Petra";;"Kernel Based Regularization Networks and RBF Networks";"Doktorandský den '04";"s. 59-65";80-86732-30-4;;;;CEZ:AV0Z1030915;;;2004;2005;UIVT-O;;;;;;;;;
0045495;K;"Kudová, Petra";;"Learning Algorithms Based on Regularization";"Inteligentní modely, algoritmy, metody a nástroje pro vytváření sémantického webu";"s. 52-52";80-903298-7-X;;;"1ET100300419:GA AV ČR";CEZ:AV0Z10300504;;;2006;2007;UIVT-O;;;;;;;;;
0405176;V;"Kudová, Petra";;"Learning of Generalized Regularization Networks";;;;;;"GA201/02/0428:GA ČR";AV0Z1030915;;;2003;2004;UIVT-O;;;;;;;;;
0405135;K;"Kudová, Petra";;"Learning of Generalized Regularization Networks";"Doktorandský den '03";"s. 60-66";80-86732-16-9;;;;AV0Z1030915;;;2003;2004;UIVT-O;;;;;;;;;
0405548;C;"Kudová, Petra";;"Learning with Kernel Based Regularization Methods";"ITAT 2005. Information Technologies - Applications and Theory";"s. 83-92";80-7097-609-8;;;"GA201/05/0557:GA ČR";CEZ:AV0Z10300504;;1;2005;2006;UIVT-O;;;;;;;;;33746246993
0081305;D;"Kudová, Petra";;"Learning with Regularization Networks";;;;;;"GA201/05/0557:GA ČR - HPC-Europa RII3-CT-2003-506079:FP-6";CEZ:AV0Z10300504;;;2006;2007;UIVT-O;;;;;;;;;
0405496;C;"Kudová, Petra - Šámalová, Terezie";;"Product Kernel Regularization Networks";"Adaptive and Natural Computing Algorithms";"S. 433-436";3-211-24934-6;;;"GA201/05/0557:GA ČR - 1ET100300414:GA AV ČR";CEZ:AV0Z10300504;;1;2005;2010;UIVT-O;;;;;;10.1007/3-211-27389-1_104;000229368400104;;
0031733;V;"Kudová, Petra - Šidlofová, Terezie";;"Sum and Product Kernel Regularization Networks";;;;;;"1ET100300517:GA AV ČR - HPC EUROPA RII3-CT-2003-506079:FP-6 - 1ET100300414:GA AV ČR";CEZ:AV0Z10300504;;;2005;2006;UIVT-O;;;;;;;;;
0339949;C;"Kudová, Petra - Šámalová, Terezie";;"Sum and Product Kernel Regularization Networks";"Artificial Intelligence and Soft Computing – ICAISC 2006";"S. 56-65";3-540-35748-3;;;"1ET100300414:GA AV ČR - 1ET100300517:GA AV ČR - RII3-CT-2003-506079:HPC-Europa";CEZ:AV0Z10300504;;1;2006;2010;UIVT-O;;;;;;10.1007/11785231_7;000239600000007;;33746263283
0042319;C;"Kudová, Petra";;"The Role of Kernel Function in Regularization Network";"Information Technologies - Applications and Theory";"s. 101-105";80-969184-4-3;;;"GA201/05/0557:GA ČR - RII3-CT-2003-506079:HPC-Europa";CEZ:AV0Z10300504;;1;2006;2007;UIVT-O;;;;;;;;;84873942503
0404401;K;"Kudová, Petra";;"Učení neuronových sítí typu RBF";"Doktorandský den '01";"s. 19-24";;;;;AV0Z1030915;;;2001;2002;UIVT-O;;;;;;;;;
0031806;C;"Neruda, M. - Neruda, Roman - Kudová, Petra";;"Forecasting Runoff with Artificial Neural Networks";"Progress in Surface and Subsurface Water Studies at Plot and Small Basin Scale";"s. 65-69";;;;"GA201/02/0428:GA ČR";CEZ:AV0Z10300504;;1;2005;2006;UIVT-O;;;;;;;;;
0105262;C;"Neruda, Roman - Krušina, Pavel - Kudová, Petra - Rydvan, Pavel - Beuster, G.";;"Bang 3: A Computational Multi-Agent System";"Intelligent Agent Technology";"s. 563-564";0-7695-2101-0;;;"1ET100300419:GA AV ČR";CEZ:AV0Z1030915;;1;2004;2005;UIVT-O;;;;;;10.1109/IAT.2004.1343019;000224385500103;;16244376467
systemove_cislo;druh_dokumentu;autori;autori_puvodni;nazev;zdroj_dok;cislovani;isbn;issn;if;projekt;vz;rvo;odevzdani_riv;rok_vydani;rok_sberu;vlastnik;interni_kod;technicke_parametry;ekonomicke_parametry;cislo_patentoveho_spisu;vlastnik_patentu;doi;wos;pubmed;scopus
0318176;K;"Neruda, Roman - Slušný, Stanislav - Vidnerová, Petra";;"Enhancing Search Algorithms by Ontological Information";"Inteligentní modely, algoritmy, metody a nástroje pro vytváření sémantického webu";"S. 129-135";978-80-87136-03-4;;;"1ET100300419:GA AV ČR";CEZ:AV0Z10300504;;;2008;2009;UIVT-O;;;;;;;;;
0095459;C;"Neruda, Roman - Slušný, Stanislav - Vidnerová, Petra";;"Evolution of Simple Behavior Patterns for Autonomous Robotic Agent";"System Science and Simulation in Engineering";"S. 411-417";978-960-6766-14-5;;;"1M0567:GA MŠk - RII3-CT-2003-506079:HPC-Europa";CEZ:AV0Z10300504;;1;2007;2008;UIVT-O;;;;;;;000254162400067;;
0356026;C;"Neruda, Roman - Vidnerová, Petra";;"Genetic Algorithm with Species for Regularization Network Metalearning";"Advances in Information Technology";"S. 192-201";978-3-642-16698-3;1865-0929;;"GA201/08/1744:GA ČR";CEZ:AV0Z10300504;;1;2010;2011;UIVT-O;;;;;;10.1007/978-3-642-16699-0_21;000288365600021;;78650077194
0404629;C;"Neruda, Roman - Kudová, Petra";;"Hybrid Learning of RBF Networks";"Computational Science";"s. 594-603";3-540-43594-8;0302-9743;;"GA201/00/1489:GA ČR - GA201/02/0428:GA ČR";AV0Z1030915;;1;2002;2003;UIVT-O;;;;;;10.1007/3-540-47789-6_62;000181351200062;;84861259681
0404886;J;"Neruda, Roman - Kudová, Petra";;"Hybrid Learning of RBF Networks";"Neural Network World";"Roč. 12, č. 6 (2002), s. 573-585";;1210-0552;;"GA201/00/1489:GA ČR";AV0Z1030915;;1;2002;2003;UIVT-O;;;;;;;;;0036968516
0331128;J;"Neruda, Roman - Vidnerová, Petra";;"Learning Errors by Radial Basis Function Neural Networks and  Regularization Networks";"International Journal of  Grid and Distributed Computing";"Roč. 1, č. 2 (2009), s. 49-57";;2005-4262;;"1M0567:GA MŠk";CEZ:AV0Z10300504;;1;2009;2010;UIVT-O;;;;;;;;;
0405221;J;"Neruda, Roman - Kudová, Petra";;"Learning Methods for Radial Basis Functions Networks";"Future Generation Computer Systems";"Roč. 21, - (2005), s. 1131-1142";;0167-739X;0.555;"GP201/03/P163:GA ČR - GA201/02/0428:GA ČR";CEZ:AV0Z10300504;;1;2005;2006;UIVT-O;;;;;;10.1016/j.future.2004.03.013;000230288700016;;27544458557
0345155;C;"Neruda, Roman - Vidnerová, Petra";;"Memetic Evolutionary Learning for Local Unit Networks";"Advances in Neural Networks – ISNN 2010";"S. 534-541";978-3-642-13277-3;0302-9743;;"GA201/08/1744:GA ČR";CEZ:AV0Z10300504;;1;2010;2011;UIVT-O;;;;;;10.1007/978-3-642-13278-0_68;000279593300068;;77954441506
0331007;C;"Neruda, Roman - Slušný, Stanislav - Vidnerová, Petra";;"Performance Comparison of Relational Reinforcement Learning and RBF Neural Networks for Small Mobile Robots";"Proceedings of Second International Conference on Future Generation Communication and Networking Symposia";"S. 29-32";978-1-4244-3430-5;;;"257367/2007:GA UK";CEZ:AV0Z10300504;;1;2008;2010;UIVT-O;;;;;;10.1109/FGCNS.2008.133;000270432000094;;67650224258
0331008;C;"Neruda, Roman - Vidnerová, Petra";;"Supervised Learning Errors by Radial Basis Function Neural Networks and Regularization Networks";"Proceedings of Second International Conference on Future Generation Communication and Networking Symposia";"S. 193-196";978-1-4244-3430-5;;;"GA201/08/1744:GA ČR";CEZ:AV0Z10300504;;1;2008;2010;UIVT-O;;;;;;10.1109/FGCNS.2008.57;000270432000079;;67650239371
0317083;C;"Neruda, Roman - Slušný, Stanislav - Vidnerová, Petra";;"Two Learning Approaches to Maze Exploration: Case Study with E-puck Mobile Robots";"World Congress on Engineering and Computer Science";"S. 655-660";978-988-98671-0-2;;;"1M0567:GA MŠk";CEZ:AV0Z10300504;;1;2008;2009;UIVT-O;;;;;;;000263417100123;;
0041635;C;"Řezanková, H. - Húsek, Dušan - Kudová, Petra - Snášel, V.";;"Comparison of some Approaches to Clustering Categorical Data";"Proceedings in Computational Statistics";"s. 607-613";3-7908-1708-2;;;"GA201/05/0079:GA ČR - 1ET100300414:GA AV ČR";CEZ:AV0Z10300504;;1;2006;2007;UIVT-O;;;;;;;;;
0088668;C;"Slušný, Stanislav - Vidnerová, Petra - Neruda, Roman";;"Behavior Emergence in Autonomous Robot control by Means of Feedforward and Reccurent Neural Networks";"WCECS 2007";"S. 518-523";978-988-98671-6-4;;;"1ET100300419:GA AV ČR";CEZ:AV0Z10300504;;1;2007;2008;UIVT-O;;;;;;;000253617900094;;
0093506;C;"Slušný, Stanislav - Neruda, Roman - Vidnerová, Petra";;"Behaviour Patterns Evolution on Individual and Group Level";"Computational Intelligence, Man-Machine Systems and Cybernetics";"S. 24-29";978-960-6766-21-3;;;"7637/2007:GA UK - RII3-CT-2003-506079:HPC-Europa";CEZ:AV0Z10300504;;1;2007;2008;UIVT-O;;;;;;;000253488100005;;
0345013;J;"Slušný, Stanislav - Neruda, Roman - Vidnerová, Petra";;"Comparison of Behavior-based and Planning Techniques on the Small Robot Maze Exploration Problem";"Neural Networks";"Roč. 23, č. 4 (2010), s. 560-567";;0893-6080;1.955;"GA201/08/1744:GA ČR";CEZ:AV0Z10300504;;1;2010;2011;UIVT-O;;;;;;10.1016/j.neunet.2010.02.001;000277227900012;20346859;77950252122
0318622;C;"Slušný, Stanislav - Neruda, Roman - Vidnerová, Petra";;"Comparison of RBF Network Learning and Reinforcement Learning on the Maze Exploration Problem";"Artificial Neural Networks - ICANN 2008";"S. 720-729";978-3-540-87535-2;;;"GA201/08/1744:GA ČR - 7637/2007:GA UK";CEZ:AV0Z10300504;;1;2008;2009;UIVT-O;;;;;;10.1007/978-3-540-87536-9_74;000259566200074;;58849117252
0308978;C;"Slušný, Stanislav - Vidnerová, Petra - Neruda, Roman";;"Emergencia chovania robotických agentov: učenie posilovaním";"Kognice a umělý život VIII";"S. 295-299";978-80-7248-462-1;;;"GD201/05/H014:GA ČR";CEZ:AV0Z10300504;;1;2008;2009;UIVT-O;;;;;;;;;
0315195;C;"Slušný, Stanislav - Neruda, Roman - Vidnerová, Petra";;"Learning Algorithms for Small Mobile Robots: Case Study on Maze Exploration";"Information Technologies - Applications and Theory";"S. 49-54";978-80-969184-9-2;;;"1M0567:GA MŠk - GD201/05/H014:GA ČR";CEZ:AV0Z10300504;;1;2008;2009;UIVT-O;;;;;;;;;84873934056
0330007;C;"Slušný, Stanislav - Neruda, Roman - Vidnerová, Petra";;"Localization with a Low-Cost Robot";"Information Technologies - Applications and Theory";"S. 77-80";978-80-970179-2-7;;;"GA201/08/1744:GA ČR - 1M0567:GA MŠk";CEZ:AV0Z10300504;;1;2009;2010;UIVT-O;;;;;;;;;84874026102
0311244;C;"Slušný, Stanislav - Neruda, Roman - Vidnerová, Petra";;"Rule-based Analysis of Behaviour Learned by Evolutionary and Reinforcement Algorithms";"Advanced Intelligent Computing Theories and Applications With Aspects of Artificial Intelligence";"S. 284-291";978-3-540-85983-3;;;"1ET100300419:GA AV ČR";CEZ:AV0Z10300504;;1;2008;2009;UIVT-O;;;;;;10.1007/978-3-540-85984-0_35;000260436000035;;53049106228
0087496;C;"Slušný, Stanislav - Vidnerová, Petra - Neruda, Roman";;"Testing Different Evolutionary Neural Networks for Autonomous Robot Control";"Information Technologies - Applications and Theory";"S. 103-108";978-80-969184-7-8;;;"184/2002:GA UK";CEZ:AV0Z10300504;;1;2007;2008;UIVT-O;;;;;;;;;84873949436
0558938;C;"Suchopárová, Gabriela - Vidnerová, Petra - Neruda, Roman - Šmíd, Martin";;"Using a Deep Neural Network in a Relative Risk Model to Estimate Vaccination Protection for COVID-19";"Engineering Applications of Neural Networks";"S. 310-320";978-3-031-08222-1;1865-0929;;;;"RVO:67985807, RVO:67985556";1;2022;2023;UIVT-O;;;;;;10.1007/978-3-031-08223-8_26;000926169100026;;85133002397
0573373;C;"Šíma, Jiří - Vidnerová, Petra - Mrázek, V.";;"Energy Complexity Model for Convolutional Neural Networks (to appear)";"Proceedings of the ICANN 2023 Thirty-Second International Conference on Artificial Neural Networks (INPRINT)";;;;;"GA22-02067S:GA ČR";;RVO:67985807;;2023;2024;UIVT-O;;;;;;;;;
0531580;C;"Vidnerová, Petra - Kalina, Jan - Güney, Y.";;"A Comparison of Robust Model Choice Criteria Within a Metalearning Study";"Analytical Methods in Statistics";"S. 125-141";978-3-030-48813-0;;;"GA19-05704S:GA ČR - GA18-23827S:GA ČR";;RVO:67985807;1;2020;2021;UIVT-O;;;;;;10.1007/978-3-030-48814-7_7;;;85089236730
0561018;A;"Vidnerová, Petra";;"Adversarial examples - vulnerability of machine learning methods and prevention";;;;;;;;RVO:67985807;;2018;2023;UIVT-O;;;;;;;;;
0548678;J;"Vidnerová, Petra - Neruda, Roman";;"Air Pollution Modelling by Machine Learning Methods";Modelling;"Roč. 2, č. 4 (2021), s. 659-674";;;;"GA18-23827S:GA ČR";;RVO:67985807;1;2021;2022;UIVT-O;;;;;;10.3390/modelling2040035;;;
0494108;C;"Vidnerová, Petra - Neruda, Roman";;"Asynchronous Evolution of Convolutional Networks";"ITAT 2018: Information Technologies – Applications and Theory. Proceedings of the 18th conference ITAT 2018";"S. 80-85";;1613-0073;;"GA18-23827S:GA ČR - LM2015042:GA MŠk";;RVO:67985807;1;2018;2019;UIVT-O;;;;;;;;;85053820668
0490841;C;"Vidnerová, Petra - Neruda, Roman";;"Deep Networks with RBF Layers to Prevent Adversarial Examples";"Artificial Intelligence and Soft Computing";"S. 257-266";978-3-319-91252-3;0302-9743;;"GA18-23827S:GA ČR - LM2015042:GA MŠk";;RVO:67985807;1;2018;2019;UIVT-O;;;;;;10.1007/978-3-319-91253-0_25;000552718500025;;85048057884
0308979;C;"Vidnerová, Petra - Slušný, Stanislav - Neruda, Roman";;"Emergence chování robotických agentů: neuroevoluce";"Kognice a umělý život VIII";"S. 363-369";978-80-7248-462-1;;;"KJB100300804:GA AV ČR";CEZ:AV0Z10300504;;1;2008;2009;UIVT-O;;;;;;;;;
0369187;C;"Vidnerová, Petra - Neruda, Roman";;"Evolution of Product Kernels for Regularization  Networks";"Advanced Intelligent Computing";"nevyšlo tiskem";978-3-642-24727-9;0302-9743;;;;;;2011;2013;UIVT-O;;;;;;;;;
0478624;C;"Vidnerová, Petra - Neruda, Roman";;"Evolution Strategies for Deep Neural Network Models Design";"Proceedings ITAT 2017: Information Technologies - Applications and Theory";"S. 159-166";978-1974274741;1613-0073;;"GA15-18108S:GA ČR - LM2015042:GA MŠk";;RVO:67985807;1;2017;2018;UIVT-O;;;;;;;;;85045762849
0469507;C;"Vidnerová, Petra - Neruda, Roman";;"Evolutionary Generation of Adversarial Examples for Deep and Shallow Machine Learning Models";"Proceedings of the The 3rd Multidisciplinary International Social Networks Conference on SocialInformatics 2016, Data Science 2016";;978-1-4503-4129-5;;;"GA15-19877S:GA ČR";;RVO:67985807;1;2016;2017;UIVT-O;;;;;;10.1145/2955129.2955178;;;
0369159;C;"Vidnerová, Petra - Neruda, Roman";;"Evolutionary Learning of Regularization Networks with Multi-kernel Units";"Advances in  Neural Networks –  ISNN 2011. Part I";"S. 538-546";978-3-642-21104-1;0302-9743;;"GAP202/11/1368:GA ČR";CEZ:AV0Z10300504;;1;2011;2012;UIVT-O;;;;;;10.1007/978-3-642-21105-8_62;000301802600062;;79957795865
0369174;C;"Vidnerová, Petra - Neruda, Roman";;"Evolutionary learning of regularization networks with product kernel units";"Systems, Man and Cybernetics";"S. 638-643";978-1-4577-0652-3;1062-922X;;"GAP202/11/1368:GA ČR - KJB100300804:GA AV ČR";CEZ:AV0Z10300504;;1;2011;2012;UIVT-O;;;;;;10.1109/ICSMC.2011.6083783;000298615101031;;"83755183830  "
0321610;C;"Vidnerová, Petra - Slušný, Stanislav - Neruda, Roman";;"Evolutionary Trained Radial Basis Function Networks for Robot Control";"Control, Automation, Robotics and Vision";"S. 833-838";978-1-4244-2286-9;;;"KJB100300804:GA AV ČR";CEZ:AV0Z10300504;;1;2008;2011;UIVT-O;;;;;;10.1109/ICARCV.2008.4795625;000266716600144;;64549096344
0478496;C;"Vidnerová, Petra - Neruda, Roman";;"Evolving Keras Architectures for Sensor Data Analysis";"Proceedings of the 2017 Federated Conference on Computer Science and Information Systems";"S. 109-112";978-83-946253-7-5;2300-5963;;"GA15-18108S:GA ČR";;RVO:67985807;1;2017;2018;UIVT-O;;;;;;10.15439/2017F241;000417412800015;;85039919528
0493715;A;"Vidnerová, Petra - Neruda, Roman";;"Evolving KERAS Architectures for Sensor Data Analysis.";"FedCSIS Book of Abstracts";"S. 30-30";;;;;;;;2017;2019;UIVT-O;;;;;;;;;
0359155;C;"Vidnerová, Petra - Neruda, Roman";;"Evolving Sum and Composite Kernel Functions for Regularization Networks";"Adaptive and Natural Computing Algorithms. Part I";"S. 180-189";978-3-642-20281-0;0302-9743;;"OC10047:GA MŠk - KJB100300804:GA AV ČR";CEZ:AV0Z10300504;;1;2011;2012;UIVT-O;;;;;;10.1007/978-3-642-20282-7_19;000302389300019;;79955088766
0348394;C;"Vidnerová, Petra - Neruda, Roman";;"Genetic Algorithm with Species for Regularization Network Metalearning";"Informačné Technológie - Aplikácie a Teória";"S. 111-116";978-80-970179-3-4;;;"KJB100300804:GA AV ČR";CEZ:AV0Z10300504;;1;2010;2011;UIVT-O;;;;;;;;;
0502575;R;"Vidnerová, Petra";"Iba, H.";"Hitoshi Iba: Evolutionary approach to machine learning and deep neural networks: neuro-evolution and gene regulatory networks (review)";"Genetic Programming and Evolvable Machines";"Roč. 20, č. 2 (2019), s. 151-153";;1389-2576;1.781;;;RVO:67985807;1;2019;2020;UIVT-O;;;;;;10.1007/s10710-019-09350-8;000466943000001;;
0345012;C;"Vidnerová, Petra - Neruda, Roman";;"Hybrid Learning of Regularization Neural Networks";"Artificial Intelligence and Soft Computing";"S. 124-131";978-3-642-13231-5;0302-9743;;"KJB100300804:GA AV ČR";CEZ:AV0Z10300504;;1;2010;2011;UIVT-O;;;;;;10.1007/978-3-642-13232-2_15;000281548200015;;77955445838
0493061;J;"Vidnerová, Petra - Neruda, Roman";;"Kernel Function Tuning for Single-Layer Neural Networks";"International Journal of Machine Learning and Computing";"Roč. 8, č. 4 (2018), s. 354-360";;2010-3700;;"GA15-18108S:GA ČR";;RVO:67985807;1;2018;2019;UIVT-O;;;;;;;;;85051862837
0087497;C;"Vidnerová, Petra";;"Learning with Regularization Networks Mixtures";"Information Technologies - Applications and Theory";"S. 109-113";978-80-969184-7-8;;;"GA201/05/0557:GA ČR";CEZ:AV0Z10300504;;1;2007;2008;UIVT-O;;;;;;;;;84873943585
0535711;C;"Vidnerová, Petra - Kalina, Jan";;"Least Weighted Absolute Value Estimator with an Application to Investment Data";"The 14th International Days of Statistics and Economics Conference Proceedings";"S. 1357-1366";978-80-87990-22-3;;;"GA18-23827S:GA ČR - GA19-05704S:GA ČR";;RVO:67985807;1;2020;2021;UIVT-O;;;;;;;;;
0432490;C;"Vidnerová, Petra - Neruda, Roman";;"Meta-Parameters of Kernel Methods and Their Optimization";"ITAT 2014. Information Technologies - Applications and Theory. Part II";"S. 99-105";978-80-87136-19-5;;;"LD13002:GA MŠk";;RVO:67985807;1;2014;2015;UIVT-O;;;;;;;;;
0568613;C;"Vidnerová, Petra - Kalina, Jan";;"Multi-objective Bayesian Optimization for Neural Architecture Search";"Artificial Intelligence and Soft Computing. 21st International Conference, ICAISC 2022. Proceedings, Part I";"S. 144-153";978-3-031-23491-0;0302-9743;;"GA22-02067S:GA ČR";;RVO:67985807;1;2023;2024;UIVT-O;;;;;;10.1007/978-3-031-23492-7_13;000972696000013;;
0534837;C;"Vidnerová, Petra - Neruda, Roman";;"Multi-objective Evolution for Deep Neural Network Architecture Search";"Neural Information Processing. ICONIP 2020 Proceedings, Part III";"S. 270-281";978-3-030-63835-1;0302-9743;;"GA18-23827S:GA ČR";;RVO:67985807;1;2020;2021;UIVT-O;;;;;;10.1007/978-3-030-63836-8_23;;;85097448788
0534830;C;"Vidnerová, Petra - Procházka, Štěpán - Neruda, Roman";;"Multiobjective Evolution for Convolutional Neural Network Architecture Search";"Artificial Intelligence and Soft Computing. ICAISC 2020 Proceedings, Part I";"S. 261-270";978-3-030-61400-3;0302-9743;;"GA18-23827S:GA ČR";;RVO:67985807;1;2020;2021;UIVT-O;;;;;;10.1007/978-3-030-61401-0_25;;;85096604032
0561017;A;"Vidnerová, Petra";;"Od perceptronu k hlubokým neuronovým sítím";;;;;;;;RVO:67985807;;2019;2023;UIVT-O;;;;;;;;;
0444960;C;"Vidnerová, Petra - Neruda, Roman";;"Product Multi-kernels for Sensor Data Analysis";"Artificial Intelligence and Soft Computing";"S. 123-133";978-3-319-19323-6;0302-9743;;"GA15-18108S:GA ČR";;RVO:67985807;1;2015;2016;UIVT-O;;;;;;10.1007/978-3-319-19324-3_12;000364537800012;;84958524307
systemove_cislo;druh_dokumentu;autori;autori_puvodni;nazev;zdroj_dok;cislovani;isbn;issn;if;projekt;vz;rvo;odevzdani_riv;rok_vydani;rok_sberu;vlastnik;interni_kod;technicke_parametry;ekonomicke_parametry;cislo_patentoveho_spisu;vlastnik_patentu;doi;wos;pubmed;scopus
0505494;L4;"Vidnerová, Petra";;"RBF-Keras: an RBF Layer for Keras Library";;;;;;"GA18-23827S:GA ČR";;RVO:67985807;1;2019;2020;UIVT-O;RBF-Keras;"Uživatel potřebuje nainstalovanou knihovnu Keras (http://keras.io)  a poté je možné vytvářet modely neuronových sítí způsobem obvyklým v této knihovně včetně použití naší RBF vrstvy.  Pro nastavení středů si lze vybrat s připravených inicializátorů (náhodný výběr z tréninkové množiny nebo  použití KMeans shlukování), případně uživatel může použít vlastní inicializátor.";"RBF-Keras obsahuje implementaci třídy RBFLayer, která je určena k implementaci RBF sítí a hlubokých sítí obsahujících RBF vrstvu v knihovně Keras. Jedná se o rozšíření knihovny Keras, která samotná RBF vrstvu neobsahuje. RBF-Keras usnadňuje realizaci experimentů s modely RBF sítí nebo hlubokých sítí s RBF vrstvou a umožňuje aplikaci těchto modelů.";;;;;;
0462723;C;"Vidnerová, Petra - Neruda, Roman";;"Sensor Data Air Pollution Prediction by Kernel Models";"Proceedings og the 16th IEEE/ACM International Symposium on Cluster, Cloud, and Grid Computing";"S. 666-673";978-1-5090-2453-7;;;"GA15-18108S:GA ČR";;RVO:67985807;1;2016;2017;UIVT-O;;;;;;10.1109/CCGrid.2016.80;000382529800091;;84983379087
0544023;A;"Vidnerová, Petra";;"Simulace epidemiologických opatření v modelu M";"Poučení z pandemie COVID-19. Program konference";;;;;;;RVO:67985807;;2021;2022;UIVT-O;;;;;;;;;
0560964;M;"Vidnerová, Petra - Suchopárová, Gabriela - Neruda, Roman";;"Simulace epidemiologických opatření v multiagentním modelu";"Rok s pandemií covid-19";"S. 87-96";978-80-246-5273-3;;;;;RVO:67985807;1;2023;2024;UIVT-O;;;;;;;;;
0546282;C;"Vidnerová, Petra - Neruda, Roman - Suchopárová, Gabriela - Berec, L. - Diviák, T. - Kuběna, Aleš Antonín - Levínský, René - Šlerka, J. - Šmíd, Martin - Trnka, J. - Tuček, V. - Vrbenský, Karel - Zajíček, Milan";;"Simulation of non-pharmaceutical interventions in an agent based epidemic model";"Proceedings of the 21st Conference Information Technologies – Applications and Theory (ITAT 2021)";"S. 263-268";;1613-0073;;"TL04000282:GA TA ČR";;"RVO:67985807, RVO:67985556, RVO:67985998";1;2021;2022;UIVT-O;;;;;;;;;85116653044
0321587;C;"Vidnerová, Petra - Neruda, Roman";;"Testing Error Estimates for Regularization and Radial Function Networks";"Advances in Neural Networks - ISNN 2008";"S. 549-554";978-3-540-87731-8;;;"KJB100300804:GA AV ČR";CEZ:AV0Z10300504;;1;2008;2009;UIVT-O;;;;;;10.1007/978-3-540-87732-5_61;000260660500061;;59149104347
0485639;J;"Vidnerová, Petra - Neruda, Roman";;"Vulnerability of classifiers to evolutionary generated adversarial examples";"Neural Networks";"Roč. 127, July (2020), s. 168-181";;0893-6080;8.050;"GA18-23827S:GA ČR";;RVO:67985807;1;2020;2021;UIVT-O;;;;;;10.1016/j.neunet.2020.04.015;000536453100016;32361547;85083895880
0462893;C;"Vidnerová, Petra - Neruda, Roman";;"Vulnerability of Machine Learning Models to Adversarial Examples";"Proceedings ITAT 2016: Information Technologies - Applications and Theory";"S. 187-194";978-1-5370-1674-0;1613-0073;;"GA15-18108S:GA ČR";;RVO:67985807;1;2016;2017;UIVT-O;;;;;;;;;85046294443
